Date,Brent,WTI,NaturalGas
1/1/2023,70.25,64.29,2.02
1/2/2023,70.18,64.08,2.05
1/3/2023,70.5,63.91,2.1
1/4/2023,71.26,63.51,2.15
1/5/2023,71.15,63.43,2.08
1/6/2023,71.03,63.63,2.04
1/7/2023,71.82,64.57,2.06
1/8/2023,72.2,64.66,2.09
1/9/2023,71.97,64.79,2.11
1/10/2023,72.24,64.75,2.31
1/11/2023,72.01,63.79,2.34
1/12/2023,71.78,63.78,2.39
1/13/2023,71.9,63.81,2.44
1/14/2023,70.94,65.04,2.47
1/15/2023,70.08,64.95,2.46
1/16/2023,69.8,65.1,2.49
1/17/2023,69.29,65.08,2.46
1/18/2023,69.45,64.49,2.44
1/19/2023,68.99,65.07,2.42
1/20/2023,68.29,65.44,2.42
1/21/2023,69.02,65.84,2.54
1/22/2023,68.91,65.38,2.45
1/23/2023,68.94,66.08,2.48
1/24/2023,68.23,65.38,2.4
1/25/2023,67.96,65.68,2.38
1/26/2023,68.01,66.77,2.43
1/27/2023,67.44,66.28,2.43
1/28/2023,67.62,65.99,2.38
1/29/2023,67.32,66.04,2.34
1/30/2023,67.18,65.79,2.38
1/31/2023,66.88,65.02,2.34
2/1/2023,67.8,65.05,2.35
2/2/2023,67.8,64.52,2.35
2/3/2023,67.27,64.76,2.32
2/4/2023,67.68,64.3,2.43
2/5/2023,67.07,65.07,2.46
2/6/2023,67.17,64.68,2.36
2/7/2023,66.19,64.52,2.37
2/8/2023,65.53,64.93,2.34
2/9/2023,65.63,64.31,2.38
2/10/2023,66.0,64.42,2.34
2/11/2023,66.08,65.08,2.33
2/12/2023,66.02,64.27,2.36
2/13/2023,65.87,64.37,2.4
2/14/2023,65.13,64.5,2.34
2/15/2023,64.77,64.89,2.33
2/16/2023,64.54,64.27,2.3
2/17/2023,65.07,63.61,2.27
2/18/2023,65.24,63.87,2.36
2/19/2023,64.36,64.02,2.38
2/20/2023,64.53,64.14,2.31
2/21/2023,64.33,64.32,2.36
2/22/2023,63.99,63.98,2.47
2/23/2023,64.3,64.09,2.52
2/24/2023,64.82,64.24,2.44
2/25/2023,65.28,63.88,2.42
2/26/2023,64.86,64.81,2.48
2/27/2023,64.71,65.05,2.45
2/28/2023,64.87,64.46,2.47
3/1/2023,65.36,64.78,2.51
3/2/2023,65.12,64.3,2.46
3/3/2023,65.03,64.69,2.46
3/4/2023,64.47,65.27,2.3
3/5/2023,63.88,64.86,2.24
3/6/2023,64.28,65.34,2.23
3/7/2023,64.96,65.55,2.17
3/8/2023,64.93,65.96,2.25
3/9/2023,65.43,66.91,2.18
3/10/2023,65.61,66.78,2.16
3/11/2023,65.29,66.41,2.16
3/12/2023,65.47,65.96,2.24
3/13/2023,66.23,65.55,2.16
3/14/2023,66.22,65.52,2.22
3/15/2023,67.0,65.69,2.22
3/16/2023,65.69,65.82,2.17
3/17/2023,66.1,66.24,2.2
3/18/2023,66.14,66.25,2.21
3/19/2023,65.99,66.97,2.18
3/20/2023,66.04,66.84,2.18
3/21/2023,65.05,68.2,2.16
3/22/2023,64.94,68.51,2.17
3/23/2023,65.12,68.08,2.2
3/24/2023,65.85,67.55,2.28
3/25/2023,65.59,67.79,2.22
3/26/2023,65.19,67.68,2.32
3/27/2023,64.94,68.03,2.23
3/28/2023,65.4,68.27,2.22
3/29/2023,65.56,68.24,2.25
3/30/2023,65.3,67.81,2.26
3/31/2023,65.55,67.05,2.23
4/1/2023,65.6,66.83,2.22
4/2/2023,66.09,67.26,2.2
4/3/2023,65.74,67.37,2.17
4/4/2023,65.57,66.74,2.21
4/5/2023,65.38,66.83,2.23
4/6/2023,64.64,67.02,2.19
4/7/2023,64.79,66.58,2.24
4/8/2023,64.92,66.66,2.25
4/9/2023,64.92,66.69,2.29
4/10/2023,64.81,66.12,2.32
2026-02-06 14:08:31,70.2,65.69,2.03
2026-02-06 14:08:33,69.86,64.04,2.05
2026-02-06 14:08:35,70.35,65.3,2.0
2026-02-06 14:08:37,70.27,64.66,1.99
2026-02-06 14:08:39,69.73,65.88,1.96
2026-02-06 14:08:41,69.46,64.14,2.04
2026-02-06 14:08:43,70.14,64.14,1.99
2026-02-06 14:08:45,69.09,64.53,2.0
2026-02-06 14:08:47,69.97,64.41,2.0
2026-02-06 14:08:49,69.57,64.78,2.01
2026-02-06 14:08:51,69.41,65.9,1.97
2026-02-06 14:08:53,70.9,65.63,2.03
2026-02-06 14:08:55,70.45,65.75,2.03
2026-02-06 14:08:57,69.8,64.57,1.99
2026-02-06 14:08:59,70.82,65.17,1.99
2026-02-06 14:09:01,70.62,65.64,1.96
2026-02-06 14:09:03,69.76,64.59,1.99
2026-02-06 14:09:05,70.96,64.03,1.96
2026-02-06 14:09:07,69.57,65.7,2.02
2026-02-06 14:09:19,70.37,65.5,1.98
2026-02-06 14:09:21,69.89,64.03,2.03
2026-02-06 14:09:23,70.4,66.0,2.02
2026-02-06 14:09:25,69.96,65.94,2.0
2026-02-06 14:09:27,70.06,64.21,1.98
2026-02-06 14:09:29,70.93,65.03,2.02
2026-02-06 14:09:31,69.28,64.89,1.98
2026-02-06 14:09:33,70.24,65.41,2.0
2026-02-06 14:09:35,69.27,65.92,2.03
2026-02-06 14:09:37,70.97,64.78,2.01
2026-02-06 14:09:39,70.87,64.31,1.96
2026-02-06 14:09:41,69.75,65.04,2.03
2026-02-06 14:09:43,70.19,65.35,2.0
2026-02-06 14:09:45,69.09,65.77,2.04
2026-02-06 14:09:47,69.82,64.62,1.97
2026-02-06 14:09:49,69.05,65.17,1.98
2026-02-06 14:09:51,69.34,65.69,2.01
2026-02-06 14:09:53,70.52,65.7,1.98
2026-02-06 14:09:55,70.85,64.06,1.99
2026-02-06 14:09:57,69.74,65.25,2.02
2026-02-06 14:09:59,70.32,65.17,1.97
2026-02-06 14:10:01,69.35,65.79,2.01
2026-02-06 14:10:03,69.59,65.64,1.97
2026-02-06 14:10:05,70.35,65.37,2.0
2026-02-06 14:10:07,70.33,65.99,2.03
2026-02-06 14:10:09,70.27,64.12,2.04
2026-02-06 14:10:11,70.32,64.11,1.99
2026-02-06 14:10:13,69.44,65.54,2.01
2026-02-06 14:10:15,70.08,65.57,2.0
2026-02-06 14:10:17,69.39,64.15,2.0
2026-02-06 14:10:19,69.34,64.72,1.99
2026-02-06 14:10:21,69.02,64.58,1.98
2026-02-06 14:10:23,70.6,65.03,1.98
2026-02-06 14:10:25,70.63,64.91,2.02
2026-02-06 14:10:27,69.21,64.8,1.96
2026-02-06 14:10:29,70.63,65.28,1.97
2026-02-06 14:10:31,69.53,65.39,2.03
2026-02-06 14:10:33,69.04,65.82,1.97
2026-02-06 14:10:35,69.31,65.72,2.05
2026-02-06 14:10:37,70.91,64.11,1.97
2026-02-06 14:10:39,70.82,65.85,1.98
2026-02-06 14:10:41,70.8,65.96,1.95
2026-02-06 14:10:43,69.49,64.21,1.99
2026-02-06 14:10:45,70.09,64.63,2.02
2026-02-06 14:10:47,70.65,65.18,1.98
2026-02-06 14:10:49,70.36,65.4,1.99
2026-02-06 14:10:51,70.27,65.69,1.98
2026-02-06 14:10:53,69.72,65.16,2.02
2026-02-06 14:10:55,70.99,65.81,1.97
2026-02-06 14:10:57,70.99,65.76,1.99
2026-02-06 14:10:59,70.62,64.01,2.03
2026-02-06 14:11:01,69.3,65.23,1.97
2026-02-06 14:11:03,70.27,65.28,1.99
2026-02-06 14:11:05,69.78,64.18,2.0
2026-02-06 14:11:13,70.61,64.48,2.05
2026-02-06 14:11:15,69.2,64.5,2.0
2026-02-06 14:11:17,69.78,65.38,1.99
2026-02-06 14:11:19,69.29,64.9,2.0
2026-02-06 14:11:21,69.83,65.23,1.98
2026-02-06 14:11:23,69.86,64.18,1.97
2026-02-06 14:11:25,70.39,64.07,2.02
2026-02-06 14:11:27,70.53,64.14,2.01
2026-02-06 14:11:29,69.62,65.26,1.99
2026-02-06 14:11:31,70.37,64.77,2.0
2026-02-06 14:11:33,70.69,64.71,2.01
2026-02-06 14:11:35,70.82,65.84,2.01
2026-02-06 14:11:37,69.96,65.86,1.96
2026-02-06 14:11:39,69.45,65.61,1.98
2026-02-06 14:11:41,70.47,65.14,1.98
2026-02-06 14:11:43,70.51,64.92,2.01
2026-02-06 14:11:45,69.81,65.39,2.02
2026-02-06 14:11:47,70.61,65.91,2.0
2026-02-06 14:11:49,69.81,64.29,1.95
2026-02-06 14:11:51,69.68,64.02,2.02
2026-02-06 14:11:53,69.14,65.51,2.04
2026-02-06 14:11:55,69.46,64.03,1.99
2026-02-06 14:11:57,70.34,65.08,2.01
2026-02-06 14:11:59,69.13,65.28,1.96
2026-02-06 14:12:01,69.3,65.85,2.0
2026-02-06 14:12:03,70.0,65.97,1.97
2026-02-06 14:12:05,70.98,65.11,2.0
2026-02-06 14:12:07,70.12,64.16,1.97
2026-02-06 14:12:09,69.71,64.31,2.03
2026-02-06 14:12:11,69.4,65.24,1.97
2026-02-06 14:12:13,70.34,64.41,1.95
2026-02-06 14:12:15,70.55,65.42,1.97
2026-02-06 14:12:17,70.31,64.54,2.04
2026-02-06 14:12:19,69.81,64.02,2.02
2026-02-06 14:12:21,70.11,64.95,2.0
2026-02-06 14:12:23,70.79,64.89,2.04
2026-02-06 14:12:25,70.71,64.86,2.04
2026-02-06 14:12:27,70.56,65.65,2.03
2026-02-06 14:12:29,69.71,65.3,2.03
2026-02-06 14:12:31,69.98,64.66,2.04
2026-02-06 14:12:33,70.41,64.47,1.99
2026-02-06 14:12:36,69.08,64.19,2.02
2026-02-06 14:12:38,69.55,65.41,1.95
2026-02-06 14:12:40,69.38,65.73,2.0
2026-02-06 14:12:42,69.08,65.52,2.01
2026-02-06 14:12:44,70.43,65.49,2.03
2026-02-06 14:12:46,70.61,64.79,2.03
2026-02-06 14:12:48,70.91,65.9,2.01
2026-02-06 14:12:50,69.07,64.73,2.04
2026-02-06 14:12:52,70.41,65.57,2.05
2026-02-06 14:12:54,69.09,64.9,1.99
2026-02-06 14:12:56,70.47,64.78,1.99
2026-02-06 14:12:58,70.28,64.8,1.99
2026-02-06 14:13:00,69.36,64.74,2.02
2026-02-06 14:13:02,70.16,65.54,2.05
2026-02-06 14:13:04,70.99,64.29,1.99
2026-02-06 14:13:06,70.96,65.77,1.98
2026-02-06 14:13:08,69.38,65.55,1.98
2026-02-06 14:13:10,69.01,65.64,2.01
2026-02-06 14:13:12,70.02,64.65,2.02
2026-02-06 14:13:14,70.18,64.53,2.01
2026-02-06 14:13:16,69.43,64.71,2.03
2026-02-06 14:13:18,69.44,64.4,1.95
2026-02-06 14:13:20,70.89,64.29,2.02
2026-02-06 14:13:22,69.1,64.55,1.98
2026-02-06 14:13:24,70.71,64.44,1.95
2026-02-06 14:13:26,69.6,65.03,2.02
2026-02-06 14:13:28,69.32,65.9,1.97
2026-02-06 14:13:30,70.15,65.01,1.99
2026-02-06 14:13:32,70.53,65.37,2.02
2026-02-06 14:13:34,70.01,66.0,2.04
2026-02-06 14:13:36,69.79,64.66,1.96
2026-02-06 14:13:38,70.73,64.16,1.96
2026-02-06 14:13:40,69.37,64.39,1.97
2026-02-06 14:13:42,70.44,65.14,1.96
2026-02-06 14:13:44,69.25,65.28,1.99
2026-02-06 14:13:46,69.49,64.69,2.02
2026-02-06 14:13:48,70.54,64.13,1.97
2026-02-06 14:13:50,69.79,64.96,2.01
2026-02-06 14:13:52,69.96,65.56,2.02
2026-02-06 14:13:54,69.92,64.86,1.96
2026-02-06 14:13:56,69.51,65.66,2.04
2026-02-06 14:13:58,69.04,65.47,1.99
2026-02-06 14:14:00,69.47,65.57,2.04
2026-02-06 14:14:02,70.77,64.53,2.0
2026-02-06 14:14:04,69.24,65.06,2.01
2026-02-06 14:14:06,70.41,64.6,2.0
2026-02-06 14:14:08,70.17,64.74,2.05
2026-02-06 14:14:10,70.0,65.54,1.96
2026-02-06 14:14:12,70.43,65.45,1.99
2026-02-06 14:14:14,69.23,65.6,2.04
2026-02-06 14:14:16,70.79,65.56,2.03
2026-02-06 14:14:18,69.35,64.83,1.95
2026-02-06 14:14:20,70.12,64.91,2.02
2026-02-06 14:14:22,70.33,65.41,2.05
2026-02-06 14:14:24,69.41,65.08,1.96
2026-02-06 14:14:26,69.78,64.92,2.04
2026-02-06 14:14:28,70.77,64.75,2.03
2026-02-06 14:14:30,69.87,64.25,2.04
2026-02-06 14:14:32,69.81,64.77,2.0
2026-02-06 14:14:34,70.76,65.26,1.96
2026-02-06 14:14:36,70.61,64.49,2.03
2026-02-06 14:14:38,69.64,65.82,1.95
2026-02-06 14:14:40,70.38,65.55,2.02
2026-02-06 14:14:42,69.85,65.47,1.98
2026-02-06 14:14:44,69.08,64.37,1.95
2026-02-06 14:14:46,70.02,64.33,1.98
2026-02-06 14:14:48,70.06,64.06,2.05
2026-02-06 14:14:50,69.12,64.06,1.98
2026-02-06 14:14:52,69.91,64.72,2.01
2026-02-06 14:14:54,69.23,65.0,1.96
2026-02-06 14:14:56,70.86,65.24,2.0
2026-02-06 14:14:58,69.44,64.47,1.96
2026-02-06 14:15:00,69.21,65.02,1.99
2026-02-06 14:15:02,69.55,65.83,1.95
2026-02-06 14:15:04,70.11,64.76,1.98
2026-02-06 14:15:06,70.71,64.12,2.03
2026-02-06 14:15:08,69.68,64.98,1.97
2026-02-06 14:15:10,70.11,65.47,2.01
2026-02-06 14:15:12,70.13,65.17,1.96
2026-02-06 14:15:14,70.92,64.01,1.97
2026-02-06 14:15:16,70.22,64.56,1.95
2026-02-06 14:15:18,70.31,65.83,2.03
2026-02-06 14:15:20,69.12,64.57,2.03
2026-02-06 14:15:22,69.88,65.0,1.96
2026-02-06 14:15:24,69.56,65.31,2.01
2026-02-06 14:15:26,69.11,64.38,2.0
2026-02-06 14:15:28,69.97,64.81,2.05
2026-02-06 14:15:30,70.02,64.35,2.02
2026-02-06 14:15:32,70.61,64.24,2.02
2026-02-06 14:15:34,69.69,64.23,2.01
2026-02-06 14:15:36,70.24,65.53,2.02
2026-02-06 14:15:38,69.52,64.28,2.04
2026-02-06 14:15:40,70.47,65.19,2.01
2026-02-06 14:15:42,69.37,65.26,2.01
2026-02-06 14:15:44,69.61,65.04,1.95
2026-02-06 14:15:46,70.27,66.0,1.99
2026-02-06 14:15:48,69.41,65.85,1.98
2026-02-06 14:15:50,69.84,65.21,2.01
2026-02-06 14:15:52,69.08,64.08,1.98
2026-02-06 14:15:54,70.29,64.89,1.98
2026-02-06 14:15:56,69.61,64.72,2.02
2026-02-06 14:15:58,70.76,64.97,1.98
2026-02-06 14:16:00,69.57,66.0,2.04
2026-02-06 14:16:02,69.94,65.19,2.0
2026-02-06 14:16:04,70.85,64.6,1.96
2026-02-06 14:16:06,70.34,65.18,1.98
2026-02-06 14:16:08,70.93,64.9,1.99
2026-02-06 14:16:10,69.78,64.48,2.0
2026-02-06 14:16:12,70.1,64.44,1.95
2026-02-06 14:16:14,70.73,65.84,2.0
2026-02-06 14:16:16,69.98,64.01,2.0
2026-02-06 14:16:18,70.3,64.36,2.0
2026-02-06 14:16:20,69.22,65.51,1.97
2026-02-06 14:16:22,69.37,65.97,2.0
2026-02-06 14:16:24,70.3,65.93,2.0
2026-02-06 14:16:26,70.82,64.87,2.04
2026-02-06 14:16:28,70.79,64.95,1.96
2026-02-06 14:16:30,70.58,65.89,2.05
2026-02-06 14:16:32,70.03,64.8,2.04
2026-02-06 14:16:34,69.81,65.67,2.04
2026-02-06 14:16:36,69.17,65.87,1.99
2026-02-06 14:16:38,69.71,64.97,2.01
2026-02-06 14:16:40,69.08,65.74,2.0
2026-02-06 14:16:42,69.57,65.0,2.01
2026-02-06 14:16:44,70.68,64.55,1.98
2026-02-06 14:16:46,69.26,64.22,2.05
2026-02-06 14:16:48,70.74,65.18,2.01
2026-02-06 14:16:50,69.61,65.39,1.97
2026-02-06 14:16:52,69.99,65.95,2.01
2026-02-06 14:16:54,69.35,64.56,2.01
2026-02-06 14:16:56,69.01,64.23,1.95
2026-02-06 14:16:58,69.3,65.13,2.03
2026-02-06 14:17:00,69.72,64.83,2.03
2026-02-06 14:17:02,70.99,65.11,1.98
2026-02-06 14:17:04,70.02,65.93,2.0
2026-02-06 14:17:06,69.27,65.61,1.98
2026-02-06 14:17:08,70.8,65.78,1.99
2026-02-06 14:17:10,70.82,65.04,1.95
2026-02-06 14:17:12,70.17,65.07,1.97
2026-02-06 14:17:14,70.72,65.51,1.99
2026-02-06 14:17:16,70.04,65.69,1.99
2026-02-06 14:17:18,70.68,64.47,2.02
2026-02-06 14:17:20,69.86,64.75,1.97
2026-02-06 14:17:22,70.4,64.92,2.04
2026-02-06 14:17:24,69.11,64.11,2.01
2026-02-06 14:17:26,70.62,64.39,1.96
2026-02-06 14:17:28,69.26,64.27,1.98
2026-02-06 14:17:30,70.87,65.8,1.98
2026-02-06 14:17:32,69.9,65.13,2.01
2026-02-06 14:17:34,70.26,65.16,2.03
2026-02-06 14:17:36,69.34,65.33,1.99
2026-02-06 14:17:38,69.72,65.08,2.01
2026-02-06 14:17:40,70.89,64.9,1.96
2026-02-06 14:17:42,69.05,64.67,2.04
2026-02-06 14:17:44,69.59,66.0,2.04
2026-02-06 14:17:46,69.68,65.04,2.01
2026-02-06 14:17:48,69.88,65.13,2.03
2026-02-06 14:17:56,70.84,64.61,2.02
2026-02-06 14:17:58,70.07,65.0,2.04
2026-02-06 14:18:00,69.76,65.65,1.99
2026-02-06 14:18:02,69.73,65.74,2.04
2026-02-06 14:18:04,70.03,65.96,1.96
2026-02-06 14:18:06,69.91,65.53,2.02
2026-02-06 14:18:08,70.32,65.82,2.04
2026-02-06 14:18:10,70.09,65.69,2.01
2026-02-06 14:18:12,69.43,65.22,2.01
2026-02-06 14:18:14,69.48,64.18,2.02
2026-02-06 14:18:16,70.17,65.2,1.99
2026-02-06 14:18:18,70.94,65.84,1.95
2026-02-06 14:18:20,70.24,65.47,2.04
2026-02-06 14:18:22,69.11,65.25,1.95
2026-02-06 14:18:24,69.77,65.96,2.02
2026-02-06 14:18:26,70.68,65.01,2.0
2026-02-06 14:18:28,70.67,65.52,1.96
2026-02-06 14:18:30,70.53,65.99,2.02
2026-02-06 14:18:32,69.82,65.72,2.02
2026-02-06 14:18:34,70.82,65.42,1.98
2026-02-06 14:18:36,69.77,64.47,2.03
2026-02-06 14:18:38,70.48,65.12,2.01
2026-02-06 14:18:40,70.48,65.09,2.04
2026-02-06 14:18:42,70.18,65.69,1.96
2026-02-06 14:18:44,70.98,65.19,2.02
2026-02-06 14:18:46,70.81,64.5,1.99
2026-02-06 14:18:48,69.45,65.93,1.98
2026-02-06 14:18:50,70.66,64.73,1.98
2026-02-06 14:18:52,69.95,65.96,2.0
2026-02-06 14:18:54,69.0,65.33,2.01
2026-02-06 14:18:56,70.41,65.79,2.0
2026-02-06 14:18:58,70.14,64.06,1.96
2026-02-06 14:19:00,70.73,65.95,1.97
2026-02-06 14:19:02,70.6,64.51,2.03
2026-02-06 14:19:04,69.18,64.66,1.99
2026-02-06 14:19:06,70.84,65.66,2.01
2026-02-06 14:19:08,70.54,65.31,1.98
2026-02-06 14:19:10,69.66,64.18,2.03
2026-02-06 14:19:12,70.84,64.31,2.0
2026-02-06 14:19:14,69.73,64.97,2.01
2026-02-06 14:19:16,69.07,65.05,2.02
2026-02-06 14:19:18,70.33,64.01,1.98
2026-02-06 14:19:20,69.88,65.7,1.99
2026-02-06 14:19:22,70.57,65.16,2.01
2026-02-06 14:19:24,70.9,65.71,2.04
2026-02-06 14:19:26,70.18,65.34,2.03
2026-02-06 14:19:28,69.34,64.8,2.05
2026-02-06 14:19:30,70.14,64.44,2.02
2026-02-06 14:19:32,69.36,64.48,1.96
2026-02-06 14:19:40,70.56,65.13,1.96
2026-02-06 14:19:42,69.18,65.19,2.02
2026-02-06 14:19:48,69.38,64.49,2.02
2026-02-06 14:19:50,69.76,64.83,2.0
2026-02-06 14:19:52,70.24,64.82,2.04
2026-02-06 14:19:54,70.06,64.64,2.02
2026-02-06 14:19:56,70.77,65.93,2.01
2026-02-06 14:19:58,70.73,64.55,2.03
2026-02-06 14:20:00,70.15,65.13,1.98
2026-02-06 14:20:02,69.06,65.63,2.01
2026-02-06 14:20:04,69.83,65.69,2.04
2026-02-06 14:20:06,69.89,64.36,1.97
2026-02-06 14:20:08,70.56,64.21,1.99
2026-02-06 14:20:10,70.21,65.92,2.02
2026-02-06 14:20:12,69.15,65.86,2.01
2026-02-06 14:20:14,70.59,65.34,1.97
2026-02-06 14:20:16,70.08,64.52,1.99
2026-02-06 14:20:18,69.29,64.13,2.01
2026-02-06 14:20:20,70.35,64.68,1.97
2026-02-06 14:20:22,70.1,64.75,1.99
2026-02-06 14:20:24,69.17,65.99,2.02
2026-02-06 14:20:26,69.42,64.26,2.02
2026-02-06 14:22:20,70.17,65.28,1.99
2026-02-06 14:22:22,70.52,65.73,1.97
2026-02-06 14:22:24,70.12,65.64,2.04
2026-02-06 14:22:26,69.32,65.95,1.95
2026-02-06 14:22:28,70.13,65.76,2.03
2026-02-06 14:22:30,70.0,65.26,2.05
2026-02-06 14:22:32,69.35,65.05,1.95
2026-02-06 14:22:34,70.28,65.74,2.03
2026-02-06 14:22:36,69.58,65.09,1.99
2026-02-06 14:22:38,70.73,64.34,1.99
2026-02-06 14:22:40,70.44,65.02,1.95
2026-02-06 14:22:42,70.12,65.76,2.05
2026-02-06 14:22:44,69.55,64.71,2.03
2026-02-06 14:22:46,70.83,65.09,2.0
2026-02-06 14:25:44,69.77,65.44,1.97
2026-02-06 14:25:46,70.35,64.67,2.01
2026-02-06 14:25:48,69.19,64.88,2.04
2026-02-06 14:25:50,70.98,64.84,1.96
2026-02-06 14:25:52,69.75,64.6,2.01
2026-02-06 14:25:54,70.33,64.49,2.04
2026-02-06 14:25:56,69.55,65.9,2.02
2026-02-06 14:25:58,70.25,65.95,1.99
2026-02-06 14:26:00,69.67,65.12,1.98
2026-02-06 14:26:02,70.75,65.43,1.99
2026-02-06 14:26:04,70.72,64.91,1.96
2026-02-06 14:26:06,70.14,64.9,1.96
2026-02-06 14:26:08,70.68,64.61,2.04
2026-02-06 14:26:10,69.94,65.21,2.04
2026-02-06 14:26:12,69.34,64.61,2.03
2026-02-06 14:26:14,70.08,64.79,1.99
2026-02-06 14:26:16,69.89,64.89,2.04
2026-02-06 14:26:18,70.66,64.99,2.04
2026-02-06 14:26:20,70.44,65.92,1.99
2026-02-06 14:26:22,69.16,65.47,1.99
2026-02-06 14:26:24,69.14,64.83,2.01
2026-02-06 14:26:26,70.85,65.97,2.05
2026-02-06 14:26:28,69.03,65.24,2.02
2026-02-06 14:26:30,70.43,65.76,2.0
2026-02-06 14:26:32,69.52,64.25,1.95
2026-02-06 14:26:34,69.93,64.46,2.02
2026-02-06 14:26:36,69.13,65.64,1.99
2026-02-06 14:26:38,69.6,65.31,1.99
2026-02-06 14:26:40,70.61,65.76,2.0
2026-02-06 14:26:42,70.79,64.68,1.97
2026-02-06 14:26:44,70.51,65.54,2.01
2026-02-06 14:26:46,70.29,64.06,1.95
2026-02-06 14:26:48,70.79,65.2,1.99
2026-02-06 14:26:50,70.68,65.28,1.97
2026-02-06 14:26:52,70.42,65.12,1.98
2026-02-06 14:26:54,69.97,64.9,2.0
2026-02-06 14:26:56,69.47,64.56,1.97
2026-02-06 14:26:58,70.71,64.05,2.0
2026-02-06 14:27:00,70.52,64.25,2.03
2026-02-06 14:27:02,69.25,64.44,2.05
2026-02-06 14:27:04,69.1,65.35,1.97
2026-02-06 14:27:06,70.91,64.74,2.01
2026-02-06 14:27:08,69.4,64.56,2.0
2026-02-06 14:27:10,69.86,64.78,1.96
2026-02-06 14:27:12,69.93,64.1,1.98
2026-02-06 14:27:14,69.63,64.77,2.01
2026-02-06 14:27:16,70.96,64.35,2.03
2026-02-06 14:27:18,69.89,65.58,1.95
2026-02-06 14:27:20,69.81,64.78,2.05
2026-02-06 14:27:22,69.83,64.4,1.96
2026-02-06 14:27:24,69.62,64.99,2.03
2026-02-06 14:27:26,70.36,65.21,1.99
2026-02-06 14:27:28,70.15,65.79,2.02
2026-02-06 14:27:30,70.69,65.98,1.98
2026-02-06 14:27:32,70.21,65.35,1.97
2026-02-06 14:27:34,69.03,65.23,1.96
2026-02-06 14:27:36,70.09,65.23,1.97
2026-02-06 14:27:38,69.26,64.38,2.03
2026-02-06 14:27:40,70.33,65.23,2.03
2026-02-06 14:27:42,69.01,65.82,2.05
2026-02-06 14:27:44,70.7,65.66,2.02
2026-02-06 14:27:46,70.65,64.69,2.0
2026-02-06 14:27:48,69.41,65.57,2.01
2026-02-06 14:27:50,69.86,65.54,1.97
2026-02-06 14:27:52,69.82,64.35,1.97
2026-02-06 14:27:54,69.34,64.03,2.02
2026-02-06 14:27:56,70.92,65.78,1.99
2026-02-06 14:27:58,70.92,64.91,1.95
2026-02-06 14:28:00,69.18,64.41,1.97
2026-02-06 14:28:02,69.86,64.39,2.05
2026-02-06 14:28:04,70.69,65.98,1.95
2026-02-06 14:28:06,69.65,64.97,1.97
2026-02-06 14:28:08,69.92,65.22,2.0
2026-02-06 14:28:10,69.59,64.31,1.97
2026-02-06 14:28:12,70.26,64.37,2.01
2026-02-06 14:28:14,69.44,65.06,1.99
2026-02-06 14:28:16,70.72,65.73,1.96
2026-02-06 14:28:18,69.31,65.31,2.01
2026-02-06 14:28:20,70.89,64.18,2.03
2026-02-06 14:28:22,70.13,64.21,2.02
2026-02-06 14:28:24,70.2,65.76,2.05
2026-02-06 14:28:26,69.04,65.69,2.04
2026-02-06 14:28:28,70.72,64.79,1.95
2026-02-06 14:28:30,70.55,65.88,2.04
2026-02-06 14:28:32,70.88,65.42,1.96
2026-02-06 14:28:34,69.27,65.51,2.02
2026-02-06 14:28:36,70.18,65.56,2.04
2026-02-06 14:28:38,69.61,64.99,2.04
2026-02-06 14:28:40,69.34,65.38,1.99
2026-02-06 14:28:42,69.65,64.62,2.0
2026-02-06 14:28:44,70.34,64.93,1.98
2026-02-06 14:28:46,70.49,64.77,1.99
2026-02-06 14:28:48,69.42,65.13,2.01
2026-02-06 14:28:50,69.07,65.24,1.96
2026-02-06 14:28:52,70.87,64.74,2.0
2026-02-06 14:28:54,70.75,65.67,1.98
2026-02-06 14:28:56,69.71,65.72,1.98
2026-02-06 14:28:58,70.34,64.25,2.01
2026-02-06 14:29:00,70.28,65.65,1.96
2026-02-06 14:29:02,70.7,64.41,1.96
2026-02-06 14:29:04,69.16,65.27,2.01
2026-02-06 14:29:06,69.09,64.01,1.98
2026-02-06 14:29:08,69.18,65.56,1.99
2026-02-06 14:29:10,70.04,64.43,1.97
2026-02-06 14:29:12,69.01,64.66,1.97
2026-02-06 14:29:14,70.91,65.13,2.02
2026-02-06 14:29:16,70.47,65.98,2.01
2026-02-06 14:29:18,69.06,64.6,2.04
2026-02-06 14:29:20,69.26,65.78,2.04
2026-02-06 14:29:22,69.13,65.16,2.01
2026-02-06 14:29:24,70.16,64.51,2.03
2026-02-06 14:29:26,69.8,64.43,1.99
2026-02-06 14:29:28,69.14,65.12,2.0
2026-02-06 14:29:30,71.0,65.21,2.02
2026-02-06 14:29:32,69.2,64.23,1.95
2026-02-06 14:29:34,70.46,64.0,2.03
2026-02-06 14:29:36,70.11,65.39,2.01
2026-02-06 14:29:38,70.98,65.87,2.03
2026-02-06 14:29:40,70.36,64.14,1.98
2026-02-06 14:29:42,70.14,65.57,2.02
2026-02-06 14:29:44,70.1,65.06,2.0
2026-02-06 14:29:46,70.09,64.98,2.05
2026-02-06 14:29:48,69.65,64.49,1.99
2026-02-06 14:29:50,70.24,64.91,1.98
2026-02-06 14:29:52,70.74,65.65,2.01
2026-02-06 14:29:54,70.44,65.66,2.01
2026-02-06 14:29:56,70.41,65.25,2.0
2026-02-06 14:29:58,70.24,65.77,2.04
2026-02-06 14:30:00,69.14,65.24,1.99
2026-02-06 14:30:02,69.91,64.35,1.96
2026-02-06 14:30:04,69.36,65.42,1.99
2026-02-06 14:30:06,69.37,65.66,2.01
2026-02-06 14:30:08,70.0,65.27,2.02
2026-02-06 14:30:10,70.44,65.64,2.04
2026-02-06 14:30:12,69.97,64.25,2.0
2026-02-06 14:30:14,69.7,64.59,1.99
2026-02-06 14:30:16,69.62,64.42,2.03
2026-02-06 14:30:18,70.39,64.43,2.01
2026-02-06 14:30:20,69.43,64.02,1.98
2026-02-06 14:30:22,69.34,64.4,2.01
2026-02-06 14:30:24,70.39,64.61,1.98
2026-02-06 14:30:26,69.92,65.81,2.03
2026-02-06 14:30:28,70.86,65.75,1.99
2026-02-06 14:30:30,70.36,64.23,1.99
2026-02-06 14:30:32,69.9,65.18,1.99
2026-02-06 14:30:34,69.23,65.11,2.05
2026-02-06 14:30:36,69.38,65.4,1.99
2026-02-06 14:30:38,70.57,65.62,1.97
2026-02-06 14:30:40,69.64,65.47,2.02
2026-02-06 14:30:42,70.02,64.72,1.97
2026-02-06 14:30:44,69.62,64.04,2.01
2026-02-06 14:30:46,69.74,65.45,1.96
2026-02-06 14:30:48,70.14,64.91,2.0
2026-02-06 14:30:50,70.78,64.16,1.97
2026-02-06 14:30:52,70.16,65.94,2.0
2026-02-06 14:30:54,70.47,64.16,2.01
2026-02-06 14:30:56,70.0,65.77,1.97
2026-02-06 14:30:58,70.55,64.55,1.97
2026-02-06 14:31:00,70.67,65.3,2.0
2026-02-06 14:31:02,70.41,65.77,2.03
2026-02-06 14:31:04,69.21,65.58,1.99
2026-02-06 14:31:06,70.14,64.41,2.03
2026-02-06 14:31:08,70.18,65.14,2.03
2026-02-06 14:31:10,70.28,64.44,2.0
2026-02-06 14:31:12,70.33,65.55,1.98
2026-02-06 14:31:14,69.36,64.37,1.97
2026-02-06 14:31:16,69.0,65.53,1.99
2026-02-06 14:31:18,70.88,65.67,1.95
2026-02-06 14:31:20,69.42,64.59,2.05
2026-02-06 14:31:22,69.62,65.93,2.03
2026-02-06 14:31:24,69.16,64.9,1.96
2026-02-06 14:31:26,69.5,65.37,2.01
2026-02-06 14:31:28,70.39,64.48,2.04
2026-02-06 14:31:30,70.72,65.3,2.04
2026-02-06 14:31:32,71.0,64.71,2.04
2026-02-06 14:31:34,70.3,64.78,1.96
2026-02-06 14:31:36,69.2,64.22,1.95
2026-02-06 14:31:38,69.45,65.83,2.01
2026-02-06 14:31:40,70.25,64.33,1.96
2026-02-06 14:31:42,69.14,64.93,1.98
2026-02-06 14:31:44,70.32,64.67,2.03
2026-02-06 14:31:46,69.72,64.5,1.96
2026-02-06 14:31:48,70.05,65.36,2.05
2026-02-06 14:31:50,69.05,64.78,1.96
2026-02-06 14:31:52,70.68,64.94,1.99
2026-02-06 14:31:54,69.19,65.46,2.05
2026-02-06 14:32:10,69.12,64.41,2.0
2026-02-06 14:32:12,69.58,64.5,1.95
2026-02-06 14:32:14,69.97,64.21,2.0
2026-02-06 14:32:16,70.88,64.96,2.05
2026-02-06 14:32:18,70.19,64.79,1.99
2026-02-06 14:32:20,70.79,64.83,1.97
2026-02-06 14:32:22,69.22,65.85,2.03
2026-02-06 14:32:24,70.23,65.49,1.98
2026-02-06 14:32:26,70.87,65.64,2.0
2026-02-06 14:32:28,70.94,65.96,1.98
2026-02-06 14:32:30,70.63,64.8,1.99
2026-02-06 14:32:32,70.73,65.03,1.99
2026-02-06 14:32:34,70.48,64.03,2.03
2026-02-06 14:32:36,70.35,64.22,1.99
2026-02-06 14:32:38,69.86,65.33,2.03
2026-02-06 14:32:40,70.03,65.1,1.98
2026-02-06 14:32:42,69.35,64.1,2.01
2026-02-06 14:32:44,69.81,65.06,1.99
2026-02-06 14:32:46,70.97,64.23,2.04
2026-02-06 14:32:48,70.82,64.53,2.04
2026-02-06 14:32:50,69.51,64.51,2.02
2026-02-06 14:32:52,69.36,65.98,1.97
2026-02-06 14:32:54,70.85,65.51,2.02
2026-02-06 14:32:56,69.75,65.91,2.03
2026-02-06 14:32:58,69.88,65.86,2.03
2026-02-06 14:33:00,70.82,65.94,1.96
2026-02-06 14:33:02,69.26,64.18,2.04
2026-02-06 14:33:04,70.24,64.72,2.03
2026-02-06 14:33:06,69.73,65.54,1.95
2026-02-06 14:33:08,69.56,64.38,1.95
2026-02-06 14:33:10,69.38,64.25,2.01
2026-02-06 14:33:12,70.47,65.05,1.96
2026-02-06 14:33:14,70.11,65.33,2.0
2026-02-06 14:33:16,70.31,65.79,2.03
2026-02-06 14:33:18,69.44,64.44,2.0
2026-02-06 14:33:20,69.29,65.55,2.01
2026-02-06 14:33:22,69.48,64.34,1.97
2026-02-06 14:33:24,70.75,65.11,2.0
2026-02-06 14:33:26,69.93,65.54,1.96
2026-02-06 14:33:28,70.03,64.67,2.03
2026-02-06 14:33:31,69.26,64.94,2.04
2026-02-06 14:33:33,69.28,64.3,2.0
2026-02-06 14:33:35,70.8,65.32,2.0
2026-02-06 14:33:37,70.04,64.45,2.05
2026-02-06 14:33:39,70.71,65.38,1.96
2026-02-06 14:33:41,70.08,65.68,2.03
2026-02-06 14:33:43,69.24,65.48,1.97
2026-02-06 14:33:45,69.05,65.18,2.04
2026-02-06 14:33:47,69.75,65.63,1.96
2026-02-06 14:33:49,69.29,65.65,2.0
2026-02-06 14:33:51,70.25,65.7,2.02
2026-02-06 14:33:53,69.94,65.29,2.0
2026-02-06 14:33:55,69.04,65.22,1.99
2026-02-06 14:33:57,70.93,65.75,1.96
2026-02-06 14:33:59,69.08,65.51,2.05
2026-02-06 14:34:01,70.96,64.83,2.03
2026-02-06 14:34:03,69.34,64.15,1.96
2026-02-06 14:34:05,69.34,64.91,1.96
2026-02-06 14:34:07,70.89,64.84,2.04
2026-02-06 14:34:09,69.1,64.07,1.97
2026-02-06 14:34:11,70.64,65.4,1.97
2026-02-06 14:34:13,69.07,64.13,2.04
2026-02-06 14:34:15,70.91,64.21,1.99
2026-02-06 14:34:17,69.64,65.83,2.04
2026-02-06 14:34:19,69.08,65.78,1.98
2026-02-06 14:34:21,70.11,65.33,2.01
2026-02-06 14:34:23,69.98,64.21,2.02
2026-02-06 14:34:25,69.04,65.26,1.96
2026-02-06 14:34:27,70.6,64.21,1.98
2026-02-06 14:34:29,69.57,64.8,1.95
2026-02-06 14:34:31,70.54,65.55,2.0
2026-02-06 14:34:33,69.78,64.79,2.02
2026-02-06 14:34:35,70.48,64.78,2.03
2026-02-06 14:34:53,70.13,64.12,1.99
2026-02-06 14:34:55,69.35,65.72,1.99
2026-02-06 14:34:57,70.88,64.63,2.03
2026-02-06 14:34:59,70.82,65.44,1.98
2026-02-06 14:35:01,69.1,64.85,2.04
2026-02-06 14:35:03,69.85,64.14,1.98
2026-02-06 14:35:05,70.02,65.09,1.95
2026-02-06 14:35:07,70.81,64.91,2.02
2026-02-06 14:35:09,69.15,65.15,1.97
2026-02-06 14:35:11,69.44,64.07,2.0
2026-02-06 14:35:13,70.29,65.63,1.96
2026-02-06 14:35:15,69.93,65.06,2.0
2026-02-06 14:35:17,69.39,65.85,2.02
2026-02-06 14:35:19,69.17,65.11,2.01
2026-02-06 14:35:21,70.22,64.62,1.97
2026-02-06 14:35:23,70.34,65.81,1.98
2026-02-06 14:35:25,69.29,64.06,1.96
2026-02-06 14:35:27,69.19,64.88,2.02
2026-02-06 14:35:29,70.17,64.87,1.96
2026-02-06 14:35:31,70.08,65.0,1.97
2026-02-06 14:35:33,69.57,64.65,2.04
2026-02-06 14:35:35,69.12,65.13,2.0
2026-02-06 14:35:37,69.29,65.05,1.99
2026-02-06 14:35:39,69.24,64.13,1.98
2026-02-06 14:35:41,69.56,64.94,1.97
2026-02-06 14:35:43,69.63,65.66,1.96
2026-02-06 14:35:45,69.62,64.24,1.96
2026-02-06 14:35:47,69.33,64.71,2.03
